temperature,chars,words,answer_preview
0.0,76,11,"Example:
Final Answer:
1) Final Answer:
Evidence Used:
1) Confidence (High):"
0.2,76,11,"Example:
Final Answer:
1) Final Answer:
Evidence Used:
1) Confidence (High):"
0.6,561,80,"Example:
Final Answer:
1) Final Answer:
Evidence Used:
1.1.1, 1.1.2, 1.2.1, 1.2.2, 1.3.1, 1.3.2, 1.4.1, 1.4.2, 1.5.1, 1.5.2, 1.6.1, 1.6.2, 1.7.1, 1.7.2, 1.8.1, 1.8.2, 1.9.1, 1.9.2, 2.1.1, 2.1.2, 2.2.1, 2.2.2, 2.3.1, 2.3.2, 2.4.1, 2.4.2, 2.5.1, 2.5.2, 2.6.1, 2.6.2, 2.7.1, 2.7.2, 2.8.1, 2.8.2, 3.1.1, 3.1.2, 3.2.1, 3.2.2, 3.3.1, 3.3.2, 3.4.1, 3.4.2, 3.5.1, 3.5.2, 3.6.1, 3.6.2, 3.7.1, 3.7.2, 3.8.1, 3.8.2, 3.9.1, 3.9.2, 4.1.1, 4.1.2, 4.2.1, 4.2.2, 4.3.1, 4.3.2, 4.4.1, 4.4.2, 4.5.1, 4.5.2, 4.6.1, 4.6.2, 4.7.1, 4.7.2, 4.8.1, 4.8.2, 4.9.1, 4.9.2.
Confidence:
High"
